{"cameraMode":{"drawMode":0,"name":"Shaded","section":"Shading Mode"},"sceneLighting":true,"audioPlay":false,"sceneViewState":{"showFog":false,"showMaterialUpdate":false,"showSkybox":false,"showFlares":false,"showImageEffects":false,"showParticleSystems":false},"in2DMode":false,"pivot":{"x":-30.999996185302736,"y":1.4134800434112549,"z":-19.293439865112306},"rotation":{"x":-0.011140230111777783,"y":0.971217930316925,"z":-0.23337054252624513,"w":-0.04636624455451965},"size":7.407412052154541,"orthographic":false}