{"cameraMode":{"drawMode":0,"name":"Shaded","section":"Shading Mode"},"sceneLighting":true,"audioPlay":false,"sceneViewState":{"showFog":false,"showMaterialUpdate":false,"showSkybox":false,"showFlares":false,"showImageEffects":false,"showParticleSystems":false},"in2DMode":false,"pivot":{"x":-38.56085968017578,"y":-32.94478225708008,"z":-46.100608825683597},"rotation":{"x":0.017786459997296335,"y":0.8909634351730347,"z":-0.4523724317550659,"w":0.03502900153398514},"size":85.73402404785156,"orthographic":false}